ResourceID,_label,Name_label,Name_content,Name_type,Name_language,represents,part_of
fa34387b-c604-4640-ae8e-4ce74deb34bd,Image of Chiarito Tabernacle,Primary Name,Image of Chiarito Tabernacle,8f40c740-3c02-4839-b1a4-f1460823a9fe,bc35776b-996f-4fc1-bd25-9f6432c1f349,1a3dff5e-f8cd-417c-9730-4af3cc1a42f4,
76bfa33f-7d8a-4120-943f-b5506ebd4d24,Image of Historia general del Piru,Primary Name,Image of Historia general del Piru,8f40c740-3c02-4839-b1a4-f1460823a9fe,bc35776b-996f-4fc1-bd25-9f6432c1f349,84390627-1631-42d3-8bee-75fc7ec7fb10,
b5fd5f5c-85c9-4791-b658-0240928aa8ab,Image of Christ's Entry into Brussels in 1889,Primary Name,Image of Christ's Entry into Brussels in 1889,8f40c740-3c02-4839-b1a4-f1460823a9fe,bc35776b-996f-4fc1-bd25-9f6432c1f349,008a2414-cbba-4455-951d-f8599b9d5ce9,
8afd2c91-e358-41af-9be4-e2bffee81cde,"Image of Tapestry: Les Astronomes, from L'Histoire de l'empereur de la Chine Series",Primary Name,"Image of Tapestry: Les Astronomes, from L'Histoire de l'empereur de la Chine Series",8f40c740-3c02-4839-b1a4-f1460823a9fe,bc35776b-996f-4fc1-bd25-9f6432c1f349,e0d017ab-0014-44ce-9def-9794fec3b0f7,
94d88838-2213-4922-82c9-750a92de60d3,Image of Engraved Gem,Primary Name,Image of Engraved Gem,8f40c740-3c02-4839-b1a4-f1460823a9fe,bc35776b-996f-4fc1-bd25-9f6432c1f349,bc4100f2-d5cd-4725-a8ca-187f01defaa1,
cce797d0-c502-44b8-b8e7-87639345c445,Image of Mummy with Cartonnage and Portrait,Primary Name,Image of Mummy with Cartonnage and Portrait,8f40c740-3c02-4839-b1a4-f1460823a9fe,bc35776b-996f-4fc1-bd25-9f6432c1f349,963b259c-f509-4c1a-a13a-25ef1551bd93,
d437e1bc-2163-492c-afb0-4fcb32f87e76,Image of Statue of Leda and the Swan,Primary Name,Image of Statue of Leda and the Swan,8f40c740-3c02-4839-b1a4-f1460823a9fe,bc35776b-996f-4fc1-bd25-9f6432c1f349,344ecade-7feb-4aed-96fe-5bb4dd60a01f,
26420437-dbcb-4376-81fe-a6cdd588b63a,"Image of 'Fantasies': Moorish Arch and Courtyard of a Gothic Castle",Primary Name,"Image of 'Fantasies': Moorish Arch and Courtyard of a Gothic Castle",8f40c740-3c02-4839-b1a4-f1460823a9fe,bc35776b-996f-4fc1-bd25-9f6432c1f349,5fb9ff55-a1d7-4423-9541-2a0bd8a70bee,
89b9c4b6-47cf-49d0-afea-236f5f0b128c,Image of Leaf from the Laudario of Sant'Agnese,Primary Name,Image of Leaf from the Laudario of Sant'Agnese,8f40c740-3c02-4839-b1a4-f1460823a9fe,bc35776b-996f-4fc1-bd25-9f6432c1f349,4757b0a3-97df-4f74-8d14-2dc9338eec43,
ba81c995-c0fe-414e-92c4-a42a54acade1,Image of Christ in Majesty,Primary Name,Image of Christ in Majesty,8f40c740-3c02-4839-b1a4-f1460823a9fe,bc35776b-996f-4fc1-bd25-9f6432c1f349,b26209e5-7ed3-44db-b59b-dc967466edc6,
634b1f99-7107-40a6-be51-bcf0b7b51d24,Image of The Vexed Man,Primary Name,Image of The Vexed Man,8f40c740-3c02-4839-b1a4-f1460823a9fe,bc35776b-996f-4fc1-bd25-9f6432c1f349,7408ddd3-0776-4afd-9452-0069e8f5e475,
a5b10543-6358-40d8-a936-edd1592d7fc7,Image of Nude Study of an Old Man,Primary Name,Image of Nude Study of an Old Man,8f40c740-3c02-4839-b1a4-f1460823a9fe,bc35776b-996f-4fc1-bd25-9f6432c1f349,bc8fb5aa-4cae-4562-bd66-ee884327a9c9,
42af80d7-2acd-4abc-8132-a1f2c6311022,Image of Jeanne (Spring),Primary Name,Image of Jeanne (Spring),8f40c740-3c02-4839-b1a4-f1460823a9fe,bc35776b-996f-4fc1-bd25-9f6432c1f349,951295b7-dfb2-42fa-b06e-5a1c350dd88d,
111e3efb-b2d4-4588-9770-b3e1493a8b4f,Image of Head within an Aureole,Primary Name,Image of Head within an Aureole,8f40c740-3c02-4839-b1a4-f1460823a9fe,bc35776b-996f-4fc1-bd25-9f6432c1f349,4d0c747a-43ca-44ec-af4b-e9d064bb2af6,
5d466d3b-6454-45e3-94af-c4325b295bf5,Image of The Borghese-Windsor Cabinet,Primary Name,Image of The Borghese-Windsor Cabinet,8f40c740-3c02-4839-b1a4-f1460823a9fe,bc35776b-996f-4fc1-bd25-9f6432c1f349,eef7f04b-648b-42ed-89c3-0448e8897498,
4096eaae-4800-4c98-bacd-abbb68f85ad1,Image of Leaf from a Gospel Book or New Testament,Primary Name,Image of Leaf from a Gospel Book or New Testament,8f40c740-3c02-4839-b1a4-f1460823a9fe,bc35776b-996f-4fc1-bd25-9f6432c1f349,5768193e-7eaf-4e89-9112-7ad900b9bc0b,
db871a27-48a1-4480-8bf3-5539afb2b73d,Image of Gospel Book,Primary Name,Image of Gospel Book,8f40c740-3c02-4839-b1a4-f1460823a9fe,bc35776b-996f-4fc1-bd25-9f6432c1f349,8c6116d5-09f6-4416-8d15-1804c9337c65,
780f9fe3-6803-4a97-afdd-9ed815311830,Image of Saint Matthew Seated,Primary Name,Image of Saint Matthew Seated,8f40c740-3c02-4839-b1a4-f1460823a9fe,bc35776b-996f-4fc1-bd25-9f6432c1f349,4093369e-678b-41fc-a7e9-a5fef60c7385,
99690993-8e6d-4915-8396-fae940291eda,Image of The Transfiguration,Primary Name,Image of The Transfiguration,8f40c740-3c02-4839-b1a4-f1460823a9fe,bc35776b-996f-4fc1-bd25-9f6432c1f349,601d907b-2941-4724-9f14-7b7d22f2be63,
4900dcf0-5881-4348-bd25-194a1b26c0a4,Image of The Last Supper,Primary Name,Image of The Last Supper,8f40c740-3c02-4839-b1a4-f1460823a9fe,bc35776b-996f-4fc1-bd25-9f6432c1f349,a5953f55-4e0f-4b86-a72e-d3c558576fdf,
7c9f4b15-3a69-4fe8-94ad-d9e4fd4940e8,Image of Doubting Thomas,Primary Name,Image of Doubting Thomas,8f40c740-3c02-4839-b1a4-f1460823a9fe,bc35776b-996f-4fc1-bd25-9f6432c1f349,63a154fa-72ad-4619-8360-54d7521f2ea4,
3484b81c-dee5-4e27-9688-4aa8b61eff99,Image of Saint Mark,Primary Name,Image of Saint Mark,8f40c740-3c02-4839-b1a4-f1460823a9fe,bc35776b-996f-4fc1-bd25-9f6432c1f349,f48d348a-374f-493f-a815-114ad5c5b497,
8dd06d3c-b47e-49b7-82b5-e85fbb863733,Image of The Death of the Virgin,Primary Name,Image of The Death of the Virgin,8f40c740-3c02-4839-b1a4-f1460823a9fe,bc35776b-996f-4fc1-bd25-9f6432c1f349,aba18c3a-8b14-47b6-8074-c3d8c342e667,
59bf9955-ebf0-492f-b676-0922424c5c40,Image of New Testament,Primary Name,Image of New Testament,8f40c740-3c02-4839-b1a4-f1460823a9fe,bc35776b-996f-4fc1-bd25-9f6432c1f349,e6b18666-863b-42eb-8735-91b9dfc2016e,
46e14556-bbe5-4757-bffe-44db73a9d739,Image of Initial P: Saint Peter with a Book,Primary Name,Image of Initial P: Saint Peter with a Book,8f40c740-3c02-4839-b1a4-f1460823a9fe,bc35776b-996f-4fc1-bd25-9f6432c1f349,03a187c8-2762-4218-a85a-36b761623b97,
1095279f-7830-491d-a3ee-944a02b0d7af,Image of The Crucifixion and The Harrowing of Hell,Primary Name,Image of The Crucifixion and The Harrowing of Hell,8f40c740-3c02-4839-b1a4-f1460823a9fe,bc35776b-996f-4fc1-bd25-9f6432c1f349,9c01d097-89e7-4328-b4b9-34b61b6ca2d4,
21eb79ee-f18f-40d7-bc72-adf826d0f3af,Image of Initial P: Saint Paul with a Book,Primary Name,Image of Initial P: Saint Paul with a Book,8f40c740-3c02-4839-b1a4-f1460823a9fe,bc35776b-996f-4fc1-bd25-9f6432c1f349,509838fd-8ea1-43e3-bba0-fea4063e8fbe,
62968e2a-38f6-43f6-9035-6480037145c6,Image of Miniature from a Book of Old Testament Prophets,Primary Name,Image of Miniature from a Book of Old Testament Prophets,8f40c740-3c02-4839-b1a4-f1460823a9fe,bc35776b-996f-4fc1-bd25-9f6432c1f349,dd2ab5d2-a486-4ad7-a2d0-760884cb7e6a,
457ea839-0042-413d-959b-0b558cd96d7e,Image of Miniature from a Book of Old Testament Prophets,Primary Name,Image of Miniature from a Book of Old Testament Prophets,8f40c740-3c02-4839-b1a4-f1460823a9fe,bc35776b-996f-4fc1-bd25-9f6432c1f349,216ea5c6-4df2-4890-867c-0531742b7c20,
a09f8565-07d3-40c5-a1a3-348b561ec61d,Image of Canon tables from the Zeyt'un Gospels,Primary Name,Image of Canon tables from the Zeyt'un Gospels,8f40c740-3c02-4839-b1a4-f1460823a9fe,bc35776b-996f-4fc1-bd25-9f6432c1f349,fe7e217b-da19-4939-a10a-db34da0a41a5,
1ed14cef-6061-4aed-a8f1-ce4477cfa490,Image of Gospel Book,Primary Name,Image of Gospel Book,8f40c740-3c02-4839-b1a4-f1460823a9fe,bc35776b-996f-4fc1-bd25-9f6432c1f349,0db52d1e-4b34-468f-a208-2f69f3201ac3,
694647f3-6d2b-481c-b8fd-c9717d997c15,Image of Canon Table Page,Primary Name,Image of Canon Table Page,8f40c740-3c02-4839-b1a4-f1460823a9fe,bc35776b-996f-4fc1-bd25-9f6432c1f349,ca67420e-4c3d-4b02-80df-5843525aea5f,
5099aa92-2cf0-48ae-b255-db0679d13adc,Image of Saint Matthew,Primary Name,Image of Saint Matthew,8f40c740-3c02-4839-b1a4-f1460823a9fe,bc35776b-996f-4fc1-bd25-9f6432c1f349,e497111c-1da6-4c78-a147-f2360f4680bf,
c90e9c62-1e20-40cf-bfb7-de9f9b4c3338,Image of Saint Mark,Primary Name,Image of Saint Mark,8f40c740-3c02-4839-b1a4-f1460823a9fe,bc35776b-996f-4fc1-bd25-9f6432c1f349,59201371-3720-4706-a496-671b4dca1cca,
f0519bdc-c438-4229-818b-2799e5fe766b,Image of Saint Luke,Primary Name,Image of Saint Luke,8f40c740-3c02-4839-b1a4-f1460823a9fe,bc35776b-996f-4fc1-bd25-9f6432c1f349,8ba349a6-f1f8-40bf-af30-c632680dd3d3,
9c15ed1c-6869-433b-904b-c567753381c5,Image of Saint John,Primary Name,Image of Saint John,8f40c740-3c02-4839-b1a4-f1460823a9fe,bc35776b-996f-4fc1-bd25-9f6432c1f349,c97d1808-9633-4fe0-93b0-c0aa3db3310c,
0f6eda9a-9fe1-493a-aba0-4d244837c923,"Image of Pearblossom Hwy., 11 - 18th April 1986, #2",Primary Name,"Image of Pearblossom Hwy., 11 - 18th April 1986, #2",8f40c740-3c02-4839-b1a4-f1460823a9fe,bc35776b-996f-4fc1-bd25-9f6432c1f349,1ec135a9-b1be-4637-8bef-3fa63311e3f9,
1fdb2bde-5a00-4456-9091-481f0f1a13ac,Image of Situla,Primary Name,Image of Situla,8f40c740-3c02-4839-b1a4-f1460823a9fe,bc35776b-996f-4fc1-bd25-9f6432c1f349,4bbef4ce-11ea-4134-9bd3-82b4c9bd4b7f,
6da2d910-c0de-42e0-8fae-6c4965768b5d,Image of Leaf from a Gospel Book or New Testament Area 1,Primary Name,Image of Leaf from a Gospel Book or New Testament Area 1,8f40c740-3c02-4839-b1a4-f1460823a9fe,bc35776b-996f-4fc1-bd25-9f6432c1f349,64a4a2a4-7ef3-43cc-8abc-686275fb4a94,4096eaae-4800-4c98-bacd-abbb68f85ad1
4bfa3ec4-3903-4c3b-bfc0-47e355303b98,Image of Leaf from a Gospel Book or New Testament Area 2,Primary Name,Image of Leaf from a Gospel Book or New Testament Area 2,8f40c740-3c02-4839-b1a4-f1460823a9fe,bc35776b-996f-4fc1-bd25-9f6432c1f349,a5cf9ad5-c6f6-4a51-b457-7997d1c1d422,4096eaae-4800-4c98-bacd-abbb68f85ad1
9ab6543e-b3ab-42ea-9d13-02a970eb66d6,Image of Leaf from a Gospel Book or New Testament Area 3,Primary Name,Image of Leaf from a Gospel Book or New Testament Area 3,8f40c740-3c02-4839-b1a4-f1460823a9fe,bc35776b-996f-4fc1-bd25-9f6432c1f349,6f4f03f5-a10d-49da-8259-7f4a9f065a9b,4096eaae-4800-4c98-bacd-abbb68f85ad1
8562f30a-431d-4cc2-a90a-39330de9e6c1,Image of Leaf from a Gospel Book or New Testament Area 4,Primary Name,Image of Leaf from a Gospel Book or New Testament Area 4,8f40c740-3c02-4839-b1a4-f1460823a9fe,bc35776b-996f-4fc1-bd25-9f6432c1f349,bb04cc96-42fe-42d5-9b63-cd5a1c26eb6e,4096eaae-4800-4c98-bacd-abbb68f85ad1
24f64fa1-5991-4fbd-9f58-89716022b7d1,Image of Leaf from a Gospel Book or New Testament Area 5,Primary Name,Image of Leaf from a Gospel Book or New Testament Area 5,8f40c740-3c02-4839-b1a4-f1460823a9fe,bc35776b-996f-4fc1-bd25-9f6432c1f349,cf9a729d-aa1f-4f22-8e9d-95d5e4ebff15,4096eaae-4800-4c98-bacd-abbb68f85ad1
2c08895c-3e20-4f2c-a18e-e7febfff467b,Image of Leaf from a Gospel Book or New Testament Area 6,Primary Name,Image of Leaf from a Gospel Book or New Testament Area 6,8f40c740-3c02-4839-b1a4-f1460823a9fe,bc35776b-996f-4fc1-bd25-9f6432c1f349,db1aea69-320e-44d2-b151-a4aac385c07c,4096eaae-4800-4c98-bacd-abbb68f85ad1
23e89052-4d58-4350-b96d-e51250feb098,Image of Leaf from a Gospel Book or New Testament Area 6b,Primary Name,Image of Leaf from a Gospel Book or New Testament Area 6b,8f40c740-3c02-4839-b1a4-f1460823a9fe,bc35776b-996f-4fc1-bd25-9f6432c1f349,3b04afd1-13dd-498b-bbe3-6a8df9430cf2,4096eaae-4800-4c98-bacd-abbb68f85ad1
fc9d2069-3e6e-439a-b98a-f3a6dd661d0d,Image of Leaf from a Gospel Book or New Testament Area 7,Primary Name,Image of Leaf from a Gospel Book or New Testament Area 7,8f40c740-3c02-4839-b1a4-f1460823a9fe,bc35776b-996f-4fc1-bd25-9f6432c1f349,cd4ddadd-a77d-42d9-ab7e-baae3d36bc31,4096eaae-4800-4c98-bacd-abbb68f85ad1
c7af789a-4d85-4c74-8922-d22a3747f319,Image of Leaf from a Gospel Book or New Testament Area 8,Primary Name,Image of Leaf from a Gospel Book or New Testament Area 8,8f40c740-3c02-4839-b1a4-f1460823a9fe,bc35776b-996f-4fc1-bd25-9f6432c1f349,4e4f8a22-f1bb-4a66-acd1-a4868b26976a,4096eaae-4800-4c98-bacd-abbb68f85ad1
e753d6fe-38ba-44ef-ada0-7eb168a8cdb4,Image of Leaf from a Gospel Book or New Testament Area 9,Primary Name,Image of Leaf from a Gospel Book or New Testament Area 9,8f40c740-3c02-4839-b1a4-f1460823a9fe,bc35776b-996f-4fc1-bd25-9f6432c1f349,ae823113-5eb1-4535-8099-951ce3afb3da,4096eaae-4800-4c98-bacd-abbb68f85ad1
8f415d68-c2d1-4c7b-bf41-3d86892e7276,Image of Leaf from a Gospel Book or New Testament Area 10,Primary Name,Image of Leaf from a Gospel Book or New Testament Area 10,8f40c740-3c02-4839-b1a4-f1460823a9fe,bc35776b-996f-4fc1-bd25-9f6432c1f349,cf6a5d63-4f41-49c1-943b-4d1966ac0292,4096eaae-4800-4c98-bacd-abbb68f85ad1
8dcb4212-1583-4056-b53d-53470e0246d1,Image of Leaf from a Gospel Book or New Testament Area 11,Primary Name,Image of Leaf from a Gospel Book or New Testament Area 11,8f40c740-3c02-4839-b1a4-f1460823a9fe,bc35776b-996f-4fc1-bd25-9f6432c1f349,ac088ddd-d7fa-4530-a9ee-6944379316c5,4096eaae-4800-4c98-bacd-abbb68f85ad1
ee644088-b6e0-4ab4-a0e8-f59a7d6c8151,Image of Leaf from a Gospel Book or New Testament Area 12,Primary Name,Image of Leaf from a Gospel Book or New Testament Area 12,8f40c740-3c02-4839-b1a4-f1460823a9fe,bc35776b-996f-4fc1-bd25-9f6432c1f349,a1a7a0b4-e80f-447c-8022-6ff7db648269,4096eaae-4800-4c98-bacd-abbb68f85ad1
5218baea-9689-4c3f-af45-88cf5d3e7d3f,Image of Leaf from a Gospel Book or New Testament Area 13,Primary Name,Image of Leaf from a Gospel Book or New Testament Area 13,8f40c740-3c02-4839-b1a4-f1460823a9fe,bc35776b-996f-4fc1-bd25-9f6432c1f349,cca6f353-0487-4e52-a58a-0400d5ed251f,4096eaae-4800-4c98-bacd-abbb68f85ad1
15e8a75b-ed77-43f2-857d-d3dc774a1069,Image of Leaf from a Gospel Book or New Testament Area 14,Primary Name,Image of Leaf from a Gospel Book or New Testament Area 14,8f40c740-3c02-4839-b1a4-f1460823a9fe,bc35776b-996f-4fc1-bd25-9f6432c1f349,339872a8-9dd7-46ef-90db-94ead7a4bbb9,4096eaae-4800-4c98-bacd-abbb68f85ad1
f90de7ed-4200-4193-aa0a-6f1bd24e9d4d,Image of Leaf from a Gospel Book or New Testament Area 15,Primary Name,Image of Leaf from a Gospel Book or New Testament Area 15,8f40c740-3c02-4839-b1a4-f1460823a9fe,bc35776b-996f-4fc1-bd25-9f6432c1f349,460902f3-478e-410f-96dd-3b8deeb9943b,4096eaae-4800-4c98-bacd-abbb68f85ad1
80a503ac-34dc-4d3f-8ca7-e109aa468a76,Image of Leaf from a Gospel Book or New Testament Area 16,Primary Name,Image of Leaf from a Gospel Book or New Testament Area 16,8f40c740-3c02-4839-b1a4-f1460823a9fe,bc35776b-996f-4fc1-bd25-9f6432c1f349,2cbf31f9-a8ff-4665-b3f1-098969cc4c2d,4096eaae-4800-4c98-bacd-abbb68f85ad1
a9cfb2f9-773d-4e5f-a88a-84f925082212,Image of Leaf from a Gospel Book or New Testament Area 17,Primary Name,Image of Leaf from a Gospel Book or New Testament Area 17,8f40c740-3c02-4839-b1a4-f1460823a9fe,bc35776b-996f-4fc1-bd25-9f6432c1f349,27d7f180-d2dc-4860-b476-4601b3d678d2,4096eaae-4800-4c98-bacd-abbb68f85ad1
ac215e78-0226-4a01-8149-3caf7eaccb28,Image of Saint Matthew Seated Area 1,Primary Name,Image of Saint Matthew Seated Area 1,8f40c740-3c02-4839-b1a4-f1460823a9fe,bc35776b-996f-4fc1-bd25-9f6432c1f349,a56636e8-f16c-4cbd-bb8f-b47ae57c230a,5099aa92-2cf0-48ae-b255-db0679d13adc
a1acf8dc-f671-4499-acbb-93a21de0cc6e,Image of Saint Matthew Seated Area 2,Primary Name,Image of Saint Matthew Seated Area 2,8f40c740-3c02-4839-b1a4-f1460823a9fe,bc35776b-996f-4fc1-bd25-9f6432c1f349,494b273e-c3ff-483b-b879-48d8ed39e4be,5099aa92-2cf0-48ae-b255-db0679d13adc
d0c57dd8-f7b9-4322-901d-b854f594d055,Image of Saint Matthew Seated Area 3,Primary Name,Image of Saint Matthew Seated Area 3,8f40c740-3c02-4839-b1a4-f1460823a9fe,bc35776b-996f-4fc1-bd25-9f6432c1f349,3796c071-12b8-49f9-9c69-4900a307977a,5099aa92-2cf0-48ae-b255-db0679d13adc
5e6ef939-345c-4a57-aeab-4eefb3338879,Image of Saint Matthew Seated Area 4,Primary Name,Image of Saint Matthew Seated Area 4,8f40c740-3c02-4839-b1a4-f1460823a9fe,bc35776b-996f-4fc1-bd25-9f6432c1f349,28d1ad25-ddf4-48ae-b72a-692e00c47ffa,5099aa92-2cf0-48ae-b255-db0679d13adc
7388451c-6a21-4864-bcb1-1f62aec443f6,Image of Saint Matthew Seated Area 4b,Primary Name,Image of Saint Matthew Seated Area 4b,8f40c740-3c02-4839-b1a4-f1460823a9fe,bc35776b-996f-4fc1-bd25-9f6432c1f349,ec519dd8-8d5f-4b5b-b55c-eec1cbaa2cc6,5099aa92-2cf0-48ae-b255-db0679d13adc
24f67bdc-1334-4afd-8452-5f08ca26b5b2,Image of Saint Matthew Seated Area 5,Primary Name,Image of Saint Matthew Seated Area 5,8f40c740-3c02-4839-b1a4-f1460823a9fe,bc35776b-996f-4fc1-bd25-9f6432c1f349,97b206e2-527f-4484-91d7-0ad509f478e3,5099aa92-2cf0-48ae-b255-db0679d13adc
4b463c65-f9cf-4727-b2ce-4eae7059e6ec,Image of Saint Matthew Seated Area 6,Primary Name,Image of Saint Matthew Seated Area 6,8f40c740-3c02-4839-b1a4-f1460823a9fe,bc35776b-996f-4fc1-bd25-9f6432c1f349,74fc1058-7b41-4d5f-bccd-aa4fce8a6a5a,5099aa92-2cf0-48ae-b255-db0679d13adc
f0ccb5a1-9a0b-4b4d-bbef-be327911389e,Image of Saint Matthew Seated Area 7,Primary Name,Image of Saint Matthew Seated Area 7,8f40c740-3c02-4839-b1a4-f1460823a9fe,bc35776b-996f-4fc1-bd25-9f6432c1f349,4a9127c0-021e-4a6b-95b3-7eeba63de363,5099aa92-2cf0-48ae-b255-db0679d13adc
09f90cfd-04c9-4ff0-be2d-a36d0cd1136a,Image of Saint Matthew Seated Area 8,Primary Name,Image of Saint Matthew Seated Area 8,8f40c740-3c02-4839-b1a4-f1460823a9fe,bc35776b-996f-4fc1-bd25-9f6432c1f349,3881a06f-22e7-49f7-93d5-8536e92d08b8,5099aa92-2cf0-48ae-b255-db0679d13adc
ca3d2935-b475-49ac-b6d1-e1cb2ab0104d,Image of Saint Matthew Seated Area 9,Primary Name,Image of Saint Matthew Seated Area 9,8f40c740-3c02-4839-b1a4-f1460823a9fe,bc35776b-996f-4fc1-bd25-9f6432c1f349,7d67ad26-09ae-4624-a143-37cf4be32396,5099aa92-2cf0-48ae-b255-db0679d13adc
56010f67-1fd4-4f70-bd01-91b3f6368abd,Image of Saint Matthew Seated Area 10,Primary Name,Image of Saint Matthew Seated Area 10,8f40c740-3c02-4839-b1a4-f1460823a9fe,bc35776b-996f-4fc1-bd25-9f6432c1f349,40dc52df-4394-4c6d-81fe-ce286f3d90cf,5099aa92-2cf0-48ae-b255-db0679d13adc
cca9fa78-e7a3-4dab-bdbf-870b1a42340e,Image of Saint Matthew Seated Area 11,Primary Name,Image of Saint Matthew Seated Area 11,8f40c740-3c02-4839-b1a4-f1460823a9fe,bc35776b-996f-4fc1-bd25-9f6432c1f349,ffa00701-42ba-4371-9895-6f372467cdc8,5099aa92-2cf0-48ae-b255-db0679d13adc
c4e9aa9e-fd19-471b-9c6a-877abc02a115,Image of Saint Matthew Seated Area 12,Primary Name,Image of Saint Matthew Seated Area 12,8f40c740-3c02-4839-b1a4-f1460823a9fe,bc35776b-996f-4fc1-bd25-9f6432c1f349,38cf9ac5-84cb-48e3-a470-5a4dca849a3f,5099aa92-2cf0-48ae-b255-db0679d13adc
d9231471-0811-45b9-9079-a6348a5fb908,Image of Saint Matthew Seated Area 13,Primary Name,Image of Saint Matthew Seated Area 13,8f40c740-3c02-4839-b1a4-f1460823a9fe,bc35776b-996f-4fc1-bd25-9f6432c1f349,bd6178b5-12c5-4c5b-b0fe-02eb61b64258,5099aa92-2cf0-48ae-b255-db0679d13adc
9f841320-ce80-4e71-b61a-61624d1109f4,Image of Saint Matthew Seated Area 13b,Primary Name,Image of Saint Matthew Seated Area 13b,8f40c740-3c02-4839-b1a4-f1460823a9fe,bc35776b-996f-4fc1-bd25-9f6432c1f349,65ac7c6d-3345-4e1f-ac89-0e33eee0e49f,5099aa92-2cf0-48ae-b255-db0679d13adc
3194c95a-34d5-40e5-8bf8-8c8f19e14d95,Image of Saint Matthew Seated Area 14,Primary Name,Image of Saint Matthew Seated Area 14,8f40c740-3c02-4839-b1a4-f1460823a9fe,bc35776b-996f-4fc1-bd25-9f6432c1f349,9fe77215-751a-4bee-be91-871a5c21afb5,5099aa92-2cf0-48ae-b255-db0679d13adc
074c2eaf-12ca-4d0f-b423-d661a5321078,Image of Saint Matthew Seated Area 15,Primary Name,Image of Saint Matthew Seated Area 15,8f40c740-3c02-4839-b1a4-f1460823a9fe,bc35776b-996f-4fc1-bd25-9f6432c1f349,a86c7313-caf7-4430-94f0-4c12195561af,5099aa92-2cf0-48ae-b255-db0679d13adc
e9673da0-6865-486e-a4a4-96d5d877d082,Image of Saint Matthew Seated Area 16,Primary Name,Image of Saint Matthew Seated Area 16,8f40c740-3c02-4839-b1a4-f1460823a9fe,bc35776b-996f-4fc1-bd25-9f6432c1f349,d5d838e0-4681-47d1-bd5d-65e88bfdf928,5099aa92-2cf0-48ae-b255-db0679d13adc
6e5c11d0-1b38-46be-b790-62c7df11946b,Image of Saint Matthew Seated Area 17,Primary Name,Image of Saint Matthew Seated Area 17,8f40c740-3c02-4839-b1a4-f1460823a9fe,bc35776b-996f-4fc1-bd25-9f6432c1f349,7b03f914-793f-4f56-9639-54728c3276bd,5099aa92-2cf0-48ae-b255-db0679d13adc
1e171171-d8e8-4010-ac15-aa5636bd3555,Image of Saint Matthew Seated Area 18,Primary Name,Image of Saint Matthew Seated Area 18,8f40c740-3c02-4839-b1a4-f1460823a9fe,bc35776b-996f-4fc1-bd25-9f6432c1f349,d9130fc5-8bfe-4ac4-9161-4ca85513ead8,5099aa92-2cf0-48ae-b255-db0679d13adc
bd679a8c-3d11-44bb-ba79-df92668935af,Image of Saint Matthew Seated Area 18b,Primary Name,Image of Saint Matthew Seated Area 18b,8f40c740-3c02-4839-b1a4-f1460823a9fe,bc35776b-996f-4fc1-bd25-9f6432c1f349,43192597-a426-495c-bdcf-85031cc9e4bd,5099aa92-2cf0-48ae-b255-db0679d13adc
ccbae938-b5ac-4981-9735-8d08ea84ae2a,Image of Saint Matthew Seated Area 19,Primary Name,Image of Saint Matthew Seated Area 19,8f40c740-3c02-4839-b1a4-f1460823a9fe,bc35776b-996f-4fc1-bd25-9f6432c1f349,65f77685-380d-4676-af0d-a91c004dc943,5099aa92-2cf0-48ae-b255-db0679d13adc
1998fe9f-54b9-4935-a670-b448b2d55902,Image of Saint Matthew Seated Area 20,Primary Name,Image of Saint Matthew Seated Area 20,8f40c740-3c02-4839-b1a4-f1460823a9fe,bc35776b-996f-4fc1-bd25-9f6432c1f349,0f433a65-5e3c-4067-84f7-bc4ac51c03e1,5099aa92-2cf0-48ae-b255-db0679d13adc
5e0b7694-5650-4cef-b667-a92588ce3ba1,Image of The Transfiguration Area 1,Primary Name,Image of The Transfiguration Area 1,8f40c740-3c02-4839-b1a4-f1460823a9fe,bc35776b-996f-4fc1-bd25-9f6432c1f349,64a98fee-b60f-42cd-a062-4ab99c587080,780f9fe3-6803-4a97-afdd-9ed815311830
587d0940-bf9f-4319-b7a1-4be93bb85bf7,Image of The Transfiguration Area 2,Primary Name,Image of The Transfiguration Area 2,8f40c740-3c02-4839-b1a4-f1460823a9fe,bc35776b-996f-4fc1-bd25-9f6432c1f349,0ce35bfa-77f8-432d-bee7-1601b196f50d,780f9fe3-6803-4a97-afdd-9ed815311830
039ccf42-befd-4409-8c6f-5d313bb8f165,Image of The Transfiguration Area 3,Primary Name,Image of The Transfiguration Area 3,8f40c740-3c02-4839-b1a4-f1460823a9fe,bc35776b-996f-4fc1-bd25-9f6432c1f349,67022393-f5c3-4964-b3ea-992edbbf293a,780f9fe3-6803-4a97-afdd-9ed815311830
6483d41e-b70a-4257-98fa-82c124285034,Image of The Transfiguration Area 4,Primary Name,Image of The Transfiguration Area 4,8f40c740-3c02-4839-b1a4-f1460823a9fe,bc35776b-996f-4fc1-bd25-9f6432c1f349,4f381303-f30c-49c4-8b35-485c17220f24,780f9fe3-6803-4a97-afdd-9ed815311830
696e6cba-0ffc-462e-af22-0d8895eef730,Image of The Transfiguration Area 5,Primary Name,Image of The Transfiguration Area 5,8f40c740-3c02-4839-b1a4-f1460823a9fe,bc35776b-996f-4fc1-bd25-9f6432c1f349,b125d31a-f5f1-459b-8a64-9a65d6d0fc0e,780f9fe3-6803-4a97-afdd-9ed815311830
f01c51fd-834e-4aea-b07a-e89d657c56c4,Image of The Transfiguration Area 6,Primary Name,Image of The Transfiguration Area 6,8f40c740-3c02-4839-b1a4-f1460823a9fe,bc35776b-996f-4fc1-bd25-9f6432c1f349,aba16af3-d4e6-4625-8c04-494b46c77550,780f9fe3-6803-4a97-afdd-9ed815311830
0bbef625-255d-4488-b9db-4e7a61eb3d10,Image of The Transfiguration Area 7,Primary Name,Image of The Transfiguration Area 7,8f40c740-3c02-4839-b1a4-f1460823a9fe,bc35776b-996f-4fc1-bd25-9f6432c1f349,a441bf27-62db-43a4-9f39-3863270e78d8,780f9fe3-6803-4a97-afdd-9ed815311830
4a1d24be-cb9d-4523-9d9d-5500d7ab648f,Image of The Transfiguration Area 8,Primary Name,Image of The Transfiguration Area 8,8f40c740-3c02-4839-b1a4-f1460823a9fe,bc35776b-996f-4fc1-bd25-9f6432c1f349,c4989afa-7da7-4975-9e0f-42beba305932,780f9fe3-6803-4a97-afdd-9ed815311830
e9e83a6d-aa4f-414a-a9a4-c933542d3fd6,Image of The Transfiguration Area 9,Primary Name,Image of The Transfiguration Area 9,8f40c740-3c02-4839-b1a4-f1460823a9fe,bc35776b-996f-4fc1-bd25-9f6432c1f349,662ab318-9108-4f0d-a3ed-2fc8160a03f0,780f9fe3-6803-4a97-afdd-9ed815311830
4cfa02a4-0a26-4539-8dea-3296a4997e34,Image of The Transfiguration Area 10,Primary Name,Image of The Transfiguration Area 10,8f40c740-3c02-4839-b1a4-f1460823a9fe,bc35776b-996f-4fc1-bd25-9f6432c1f349,ca8cbee5-3934-402a-b216-180b824fb49a,780f9fe3-6803-4a97-afdd-9ed815311830
de674ce5-f735-44ea-8e37-9cdd375bcb6e,Image of The Transfiguration Area 11,Primary Name,Image of The Transfiguration Area 11,8f40c740-3c02-4839-b1a4-f1460823a9fe,bc35776b-996f-4fc1-bd25-9f6432c1f349,bfbd3c68-b8ea-47cb-ad3a-efbfd860e054,780f9fe3-6803-4a97-afdd-9ed815311830
093f74bb-69e7-4964-b06b-ab15633e5c4e,Image of The Transfiguration Area 12,Primary Name,Image of The Transfiguration Area 12,8f40c740-3c02-4839-b1a4-f1460823a9fe,bc35776b-996f-4fc1-bd25-9f6432c1f349,6a11f521-7df9-47fc-9510-5d0a5421ce5a,780f9fe3-6803-4a97-afdd-9ed815311830
20be0c83-41f0-40ac-9b3c-df7b9fd73d9f,Image of The Transfiguration Area 13,Primary Name,Image of The Transfiguration Area 13,8f40c740-3c02-4839-b1a4-f1460823a9fe,bc35776b-996f-4fc1-bd25-9f6432c1f349,9105be94-87f2-47f3-a1b8-6f7cab40353a,780f9fe3-6803-4a97-afdd-9ed815311830
23b238eb-7918-407a-ae4e-ac0c7e0bc296,Image of The Transfiguration Area 14,Primary Name,Image of The Transfiguration Area 14,8f40c740-3c02-4839-b1a4-f1460823a9fe,bc35776b-996f-4fc1-bd25-9f6432c1f349,c6b0eb1c-0820-4ed8-b5e9-148c46804faa,780f9fe3-6803-4a97-afdd-9ed815311830
34e9e12a-7b3b-489a-8eea-6a0cee6533e2,Image of The Transfiguration Area 15,Primary Name,Image of The Transfiguration Area 15,8f40c740-3c02-4839-b1a4-f1460823a9fe,bc35776b-996f-4fc1-bd25-9f6432c1f349,0c9be145-c945-4e16-b0d2-fcf934518ee4,780f9fe3-6803-4a97-afdd-9ed815311830
a402f6b0-5a0d-48b1-b507-ca5815db6a19,Image of The Transfiguration Area 16,Primary Name,Image of The Transfiguration Area 16,8f40c740-3c02-4839-b1a4-f1460823a9fe,bc35776b-996f-4fc1-bd25-9f6432c1f349,a0ec3ac1-14f6-4d88-8c57-80b829af2423,780f9fe3-6803-4a97-afdd-9ed815311830
eeee80ee-3627-466f-aa87-161815e5fa6e,Image of The Transfiguration Area 17,Primary Name,Image of The Transfiguration Area 17,8f40c740-3c02-4839-b1a4-f1460823a9fe,bc35776b-996f-4fc1-bd25-9f6432c1f349,d9defdb6-5964-483e-9d68-40a52a32b204,780f9fe3-6803-4a97-afdd-9ed815311830
d1a493a3-1d30-4361-9dbf-f639857b976a,Image of The Last Supper Area 1,Primary Name,Image of The Last Supper Area 1,8f40c740-3c02-4839-b1a4-f1460823a9fe,bc35776b-996f-4fc1-bd25-9f6432c1f349,d5db0201-0f2d-48ee-b836-5eb1cf6bb478,4900dcf0-5881-4348-bd25-194a1b26c0a4
144d899d-5b23-4215-8fb2-e9fab81ca2fc,Image of The Last Supper Area 2,Primary Name,Image of The Last Supper Area 2,8f40c740-3c02-4839-b1a4-f1460823a9fe,bc35776b-996f-4fc1-bd25-9f6432c1f349,a839ea36-0ee8-4f3b-9fd8-b006cbaead24,4900dcf0-5881-4348-bd25-194a1b26c0a4
4d4a0437-e22f-41b8-9452-100ce4feaa16,Image of The Last Supper Area 2b,Primary Name,Image of The Last Supper Area 2b,8f40c740-3c02-4839-b1a4-f1460823a9fe,bc35776b-996f-4fc1-bd25-9f6432c1f349,5be0580f-c602-4e08-93af-4acea7499987,4900dcf0-5881-4348-bd25-194a1b26c0a4
334cbba5-7b09-43a7-b05e-4a5d0d3c02d0,Image of The Last Supper Area 3,Primary Name,Image of The Last Supper Area 3,8f40c740-3c02-4839-b1a4-f1460823a9fe,bc35776b-996f-4fc1-bd25-9f6432c1f349,1331bc29-0719-4438-8af0-6d89b43caba5,4900dcf0-5881-4348-bd25-194a1b26c0a4
68596dcb-01f8-444b-bae5-90659a9bf127,Image of The Last Supper Area 4,Primary Name,Image of The Last Supper Area 4,8f40c740-3c02-4839-b1a4-f1460823a9fe,bc35776b-996f-4fc1-bd25-9f6432c1f349,86d3261e-4aaa-4cca-8b61-eceaaa2635a9,4900dcf0-5881-4348-bd25-194a1b26c0a4
56b1fe38-edea-42bf-ab6e-f8cd98c946cf,Image of The Last Supper Area 4b,Primary Name,Image of The Last Supper Area 4b,8f40c740-3c02-4839-b1a4-f1460823a9fe,bc35776b-996f-4fc1-bd25-9f6432c1f349,a26a7162-4232-45c6-b8ed-6d4baf01bb29,4900dcf0-5881-4348-bd25-194a1b26c0a4
f3e77e98-82e4-4c3d-a3e9-db01581c5bd9,Image of The Last Supper Area 5,Primary Name,Image of The Last Supper Area 5,8f40c740-3c02-4839-b1a4-f1460823a9fe,bc35776b-996f-4fc1-bd25-9f6432c1f349,365b8b2b-36da-470e-b38d-81ef06d46e48,4900dcf0-5881-4348-bd25-194a1b26c0a4
2875862c-c1bc-48e3-930e-63d55ab40365,Image of The Last Supper Area 6,Primary Name,Image of The Last Supper Area 6,8f40c740-3c02-4839-b1a4-f1460823a9fe,bc35776b-996f-4fc1-bd25-9f6432c1f349,ed75d789-4af6-4b1e-9801-4d826b610616,4900dcf0-5881-4348-bd25-194a1b26c0a4
5dacfafc-e191-4e6b-a0be-2ca4b19ded37,Image of The Last Supper Area 7,Primary Name,Image of The Last Supper Area 7,8f40c740-3c02-4839-b1a4-f1460823a9fe,bc35776b-996f-4fc1-bd25-9f6432c1f349,98eea586-3255-44c3-aed3-1f4fb377104e,4900dcf0-5881-4348-bd25-194a1b26c0a4
3439158e-eee8-49eb-91b5-644120d06fd8,Image of The Last Supper Area 8,Primary Name,Image of The Last Supper Area 8,8f40c740-3c02-4839-b1a4-f1460823a9fe,bc35776b-996f-4fc1-bd25-9f6432c1f349,2a959af1-df10-4909-8901-b260bdafde13,4900dcf0-5881-4348-bd25-194a1b26c0a4
8564e1d3-de75-4a7a-86e9-5085dcdc4274,Image of The Last Supper Area 8b,Primary Name,Image of The Last Supper Area 8b,8f40c740-3c02-4839-b1a4-f1460823a9fe,bc35776b-996f-4fc1-bd25-9f6432c1f349,d2daaf84-6904-4cec-8fde-ed05a5941c10,4900dcf0-5881-4348-bd25-194a1b26c0a4
89cbde90-44bd-49df-8b54-9bf1b675b820,Image of The Last Supper Area 9,Primary Name,Image of The Last Supper Area 9,8f40c740-3c02-4839-b1a4-f1460823a9fe,bc35776b-996f-4fc1-bd25-9f6432c1f349,a15b8f85-b1e8-4c56-b6ea-9c7bd7a5f523,4900dcf0-5881-4348-bd25-194a1b26c0a4
1863eb7c-4f9f-4435-952f-b8411649272a,Image of Doubting Thomas Area 1,Primary Name,Image of Doubting Thomas Area 1,8f40c740-3c02-4839-b1a4-f1460823a9fe,bc35776b-996f-4fc1-bd25-9f6432c1f349,64db64c2-2407-44a0-9094-6ab7e26bdbb0,7c9f4b15-3a69-4fe8-94ad-d9e4fd4940e8
a2d1bda0-fd33-4b59-b75b-0e346e82d2e0,Image of Doubting Thomas Area 1b,Primary Name,Image of Doubting Thomas Area 1b,8f40c740-3c02-4839-b1a4-f1460823a9fe,bc35776b-996f-4fc1-bd25-9f6432c1f349,b709e2eb-dc85-45fa-b1b0-9d5a6d4748a8,7c9f4b15-3a69-4fe8-94ad-d9e4fd4940e8
fa873556-8355-428e-8bc7-c9d1dab1047d,Image of Doubting Thomas Area 2,Primary Name,Image of Doubting Thomas Area 2,8f40c740-3c02-4839-b1a4-f1460823a9fe,bc35776b-996f-4fc1-bd25-9f6432c1f349,00de18c0-b0ff-4c99-bce8-668e019c0ebb,7c9f4b15-3a69-4fe8-94ad-d9e4fd4940e8
21e2fb2d-f08e-4f39-b892-463530547370,Image of Doubting Thomas Area 3,Primary Name,Image of Doubting Thomas Area 3,8f40c740-3c02-4839-b1a4-f1460823a9fe,bc35776b-996f-4fc1-bd25-9f6432c1f349,01db0f05-7625-4090-877f-fcd4c2b8bdc0,7c9f4b15-3a69-4fe8-94ad-d9e4fd4940e8
4d5db4c6-2b13-4c31-a964-5ae02f103980,Image of Doubting Thomas Area 4,Primary Name,Image of Doubting Thomas Area 4,8f40c740-3c02-4839-b1a4-f1460823a9fe,bc35776b-996f-4fc1-bd25-9f6432c1f349,fe2fa45c-f262-44b2-ae52-e98de6a04f33,7c9f4b15-3a69-4fe8-94ad-d9e4fd4940e8
4219ebac-2828-421b-8054-91a699315191,Image of Doubting Thomas Area 5,Primary Name,Image of Doubting Thomas Area 5,8f40c740-3c02-4839-b1a4-f1460823a9fe,bc35776b-996f-4fc1-bd25-9f6432c1f349,5cc1d31d-f8cd-44a8-98cd-5a06aeb9f886,7c9f4b15-3a69-4fe8-94ad-d9e4fd4940e8
0da30265-b919-47d6-a4bd-9ab8d9048bd5,Image of Doubting Thomas Area 5b,Primary Name,Image of Doubting Thomas Area 5b,8f40c740-3c02-4839-b1a4-f1460823a9fe,bc35776b-996f-4fc1-bd25-9f6432c1f349,4c65e52b-ca0c-408c-ba67-4d86dd5e04b7,7c9f4b15-3a69-4fe8-94ad-d9e4fd4940e8
77c345b4-7d76-411f-ab5a-9e7414b4c7c5,Image of Doubting Thomas Area 6,Primary Name,Image of Doubting Thomas Area 6,8f40c740-3c02-4839-b1a4-f1460823a9fe,bc35776b-996f-4fc1-bd25-9f6432c1f349,64f48d96-ad5b-42c8-af6a-e1092adcdb3b,7c9f4b15-3a69-4fe8-94ad-d9e4fd4940e8
a03df139-183e-4c32-8b5b-6734f6d6dde1,Image of Doubting Thomas Area 7,Primary Name,Image of Doubting Thomas Area 7,8f40c740-3c02-4839-b1a4-f1460823a9fe,bc35776b-996f-4fc1-bd25-9f6432c1f349,40dba085-dfa8-4e4d-9704-3db10777629a,7c9f4b15-3a69-4fe8-94ad-d9e4fd4940e8
9f034d40-b50d-4e11-b4c6-66078ce83a3c,Image of Doubting Thomas Area 8,Primary Name,Image of Doubting Thomas Area 8,8f40c740-3c02-4839-b1a4-f1460823a9fe,bc35776b-996f-4fc1-bd25-9f6432c1f349,76930fb6-ce25-4730-b72b-8c9c1bd6cec9,7c9f4b15-3a69-4fe8-94ad-d9e4fd4940e8
029ebfdd-4cd1-4f80-9647-cfae1209c0b6,Image of Doubting Thomas Area 9,Primary Name,Image of Doubting Thomas Area 9,8f40c740-3c02-4839-b1a4-f1460823a9fe,bc35776b-996f-4fc1-bd25-9f6432c1f349,8315210d-7bac-46f3-be30-f12191619b27,7c9f4b15-3a69-4fe8-94ad-d9e4fd4940e8
f8d1145a-ff3a-4d33-b935-d74f1d65f28f,Image of Saint Mark Area 1,Primary Name,Image of Saint Mark Area 1,8f40c740-3c02-4839-b1a4-f1460823a9fe,bc35776b-996f-4fc1-bd25-9f6432c1f349,dde450f4-8a6d-4139-a431-fc64d7fa5a6d,3484b81c-dee5-4e27-9688-4aa8b61eff99
7c951244-fc06-42eb-ad7c-8cd54c193d01,Image of Saint Mark Area 1b,Primary Name,Image of Saint Mark Area 1b,8f40c740-3c02-4839-b1a4-f1460823a9fe,bc35776b-996f-4fc1-bd25-9f6432c1f349,9f42c171-2cff-46d4-b6b0-e300735dae3f,3484b81c-dee5-4e27-9688-4aa8b61eff99
1d9eddb1-39d8-488e-9bbd-7c1fc0079f0d,Image of Saint Mark Area 2,Primary Name,Image of Saint Mark Area 2,8f40c740-3c02-4839-b1a4-f1460823a9fe,bc35776b-996f-4fc1-bd25-9f6432c1f349,f0ed8acc-7a46-4b27-9409-92408b8e1564,3484b81c-dee5-4e27-9688-4aa8b61eff99
b8fc29cf-a51b-4a13-adcf-49e7440a7b53,Image of Saint Mark Area 3,Primary Name,Image of Saint Mark Area 3,8f40c740-3c02-4839-b1a4-f1460823a9fe,bc35776b-996f-4fc1-bd25-9f6432c1f349,fe7611f4-fdaa-4bc0-90d1-eddafc1113e6,3484b81c-dee5-4e27-9688-4aa8b61eff99
27c80868-781b-4dc2-beae-3f3568ba9caf,Image of Saint Mark Area 3b,Primary Name,Image of Saint Mark Area 3b,8f40c740-3c02-4839-b1a4-f1460823a9fe,bc35776b-996f-4fc1-bd25-9f6432c1f349,a2ada78e-6c80-43a3-841d-766f945f96c2,3484b81c-dee5-4e27-9688-4aa8b61eff99
edbdc2fe-1490-40b1-b565-4e5a3ad915af,Image of Saint Mark Area 3c,Primary Name,Image of Saint Mark Area 3c,8f40c740-3c02-4839-b1a4-f1460823a9fe,bc35776b-996f-4fc1-bd25-9f6432c1f349,510bc6da-1aef-451a-ac48-c9c956c27924,3484b81c-dee5-4e27-9688-4aa8b61eff99
b35d7c7c-171f-47d3-b8d4-040b327594e6,Image of Saint Mark Area 4,Primary Name,Image of Saint Mark Area 4,8f40c740-3c02-4839-b1a4-f1460823a9fe,bc35776b-996f-4fc1-bd25-9f6432c1f349,228dd9e9-1a10-44d1-ae4c-da08edadc22b,3484b81c-dee5-4e27-9688-4aa8b61eff99
a8c31c4d-e50d-47d2-a3a8-4a0f01a80a52,Image of Saint Mark Area 5,Primary Name,Image of Saint Mark Area 5,8f40c740-3c02-4839-b1a4-f1460823a9fe,bc35776b-996f-4fc1-bd25-9f6432c1f349,d8d0017b-4d29-4588-9c04-173fc2f5cad5,3484b81c-dee5-4e27-9688-4aa8b61eff99
cd4683b5-50d3-431c-add3-d9e069300ef9,Image of Saint Mark Area 6,Primary Name,Image of Saint Mark Area 6,8f40c740-3c02-4839-b1a4-f1460823a9fe,bc35776b-996f-4fc1-bd25-9f6432c1f349,cb72b272-40d6-4520-bb7a-b18e9fb6291d,3484b81c-dee5-4e27-9688-4aa8b61eff99
e2aae8a4-c248-457b-9a28-1d02b14a9975,Image of Saint Mark Area 7,Primary Name,Image of Saint Mark Area 7,8f40c740-3c02-4839-b1a4-f1460823a9fe,bc35776b-996f-4fc1-bd25-9f6432c1f349,ae71669f-afc0-46e9-87b0-cfd7af71a5f1,3484b81c-dee5-4e27-9688-4aa8b61eff99
655eafbc-4771-453e-a3cd-64a4a4778e94,Image of Saint Mark Area 8,Primary Name,Image of Saint Mark Area 8,8f40c740-3c02-4839-b1a4-f1460823a9fe,bc35776b-996f-4fc1-bd25-9f6432c1f349,4a372bb0-1769-41fd-850e-dee51979f7ac,3484b81c-dee5-4e27-9688-4aa8b61eff99
ec9be0f8-30a7-4ba2-ada1-ae75c00885c3,Image of Saint Mark Area 9,Primary Name,Image of Saint Mark Area 9,8f40c740-3c02-4839-b1a4-f1460823a9fe,bc35776b-996f-4fc1-bd25-9f6432c1f349,4683e432-0709-464c-86eb-808a01b85392,3484b81c-dee5-4e27-9688-4aa8b61eff99
339a30f1-8207-47ef-9ab8-3549ad327772,Image of Saint Mark Area 10,Primary Name,Image of Saint Mark Area 10,8f40c740-3c02-4839-b1a4-f1460823a9fe,bc35776b-996f-4fc1-bd25-9f6432c1f349,21b11b1a-d0dc-4fa2-b8ce-4ba11c49dbca,3484b81c-dee5-4e27-9688-4aa8b61eff99
d21107e6-d850-456e-9e66-137b35967041,Image of Saint Mark Area 11,Primary Name,Image of Saint Mark Area 11,8f40c740-3c02-4839-b1a4-f1460823a9fe,bc35776b-996f-4fc1-bd25-9f6432c1f349,6e90a4a0-383e-4682-83b7-402d6c9eed2e,3484b81c-dee5-4e27-9688-4aa8b61eff99
7c3dfde7-d710-4389-9fbb-af65b2c9455b,Image of Saint Mark Area 11b,Primary Name,Image of Saint Mark Area 11b,8f40c740-3c02-4839-b1a4-f1460823a9fe,bc35776b-996f-4fc1-bd25-9f6432c1f349,f9c75532-132f-4f72-adde-abe37b6d0db4,3484b81c-dee5-4e27-9688-4aa8b61eff99
3fad9471-1663-4029-8ca3-19b60997f700,Image of Saint Mark Area 12,Primary Name,Image of Saint Mark Area 12,8f40c740-3c02-4839-b1a4-f1460823a9fe,bc35776b-996f-4fc1-bd25-9f6432c1f349,e58c0783-9eea-4374-9522-ae48383b7563,3484b81c-dee5-4e27-9688-4aa8b61eff99
5cd0f7cd-1b50-4d8b-87cf-3ec1078e6898,Image of Saint Mark Area 13,Primary Name,Image of Saint Mark Area 13,8f40c740-3c02-4839-b1a4-f1460823a9fe,bc35776b-996f-4fc1-bd25-9f6432c1f349,ee23a2e9-624a-4c00-8e93-f7cc8fb7d835,3484b81c-dee5-4e27-9688-4aa8b61eff99
a4c2e1bf-1fb2-408b-9cc5-2b018163a3a8,Image of Saint Mark Area 13b,Primary Name,Image of Saint Mark Area 13b,8f40c740-3c02-4839-b1a4-f1460823a9fe,bc35776b-996f-4fc1-bd25-9f6432c1f349,d4d470da-6ab4-4749-aa88-3986d0162975,3484b81c-dee5-4e27-9688-4aa8b61eff99
d81989b1-08a0-466b-8fc7-2dbcbec1802e,Image of Saint Mark Area 14,Primary Name,Image of Saint Mark Area 14,8f40c740-3c02-4839-b1a4-f1460823a9fe,bc35776b-996f-4fc1-bd25-9f6432c1f349,49fc7a22-ae9c-4640-9150-6a547547dc9c,3484b81c-dee5-4e27-9688-4aa8b61eff99
c241c8e4-4e51-424c-a925-d7bd1c6af45d,Image of The Death of the Virgin Area 1,Primary Name,Image of The Death of the Virgin Area 1,8f40c740-3c02-4839-b1a4-f1460823a9fe,bc35776b-996f-4fc1-bd25-9f6432c1f349,9c70d8a3-8652-4a0f-ac9b-b31f038451a3,8dd06d3c-b47e-49b7-82b5-e85fbb863733
315e5b3a-2baf-420b-af11-c0fb97c5fe02,Image of The Death of the Virgin Area 2,Primary Name,Image of The Death of the Virgin Area 2,8f40c740-3c02-4839-b1a4-f1460823a9fe,bc35776b-996f-4fc1-bd25-9f6432c1f349,a36cce66-61bc-468f-8213-30e60d306154,8dd06d3c-b47e-49b7-82b5-e85fbb863733
c37485b7-25c5-4086-bb72-cfb95d39b3fc,Image of The Death of the Virgin Area 3,Primary Name,Image of The Death of the Virgin Area 3,8f40c740-3c02-4839-b1a4-f1460823a9fe,bc35776b-996f-4fc1-bd25-9f6432c1f349,1a4f108b-e272-41cb-889b-4dd1ed964e55,8dd06d3c-b47e-49b7-82b5-e85fbb863733
b7887943-f5c3-4f9d-b1e9-5cdbd90824b8,Image of The Death of the Virgin Area 4,Primary Name,Image of The Death of the Virgin Area 4,8f40c740-3c02-4839-b1a4-f1460823a9fe,bc35776b-996f-4fc1-bd25-9f6432c1f349,c22658a8-4762-4370-adf1-90deb3c3cc1e,8dd06d3c-b47e-49b7-82b5-e85fbb863733
151870b2-628f-4789-a1b5-3ed852af51bb,Image of The Death of the Virgin Area 5,Primary Name,Image of The Death of the Virgin Area 5,8f40c740-3c02-4839-b1a4-f1460823a9fe,bc35776b-996f-4fc1-bd25-9f6432c1f349,02a515d3-db0e-4ac5-a7aa-3343d2aa99dc,8dd06d3c-b47e-49b7-82b5-e85fbb863733
542f255d-eca6-4de7-aefe-1b33015e9712,Image of The Death of the Virgin Area 6,Primary Name,Image of The Death of the Virgin Area 6,8f40c740-3c02-4839-b1a4-f1460823a9fe,bc35776b-996f-4fc1-bd25-9f6432c1f349,9dfce923-ca8b-4a6b-9f7b-e62f03a6e9de,8dd06d3c-b47e-49b7-82b5-e85fbb863733
e0593770-54c9-42dd-a20d-88afa2d17961,Image of The Death of the Virgin Area 7,Primary Name,Image of The Death of the Virgin Area 7,8f40c740-3c02-4839-b1a4-f1460823a9fe,bc35776b-996f-4fc1-bd25-9f6432c1f349,1c97eeee-06cf-4449-aec1-ea8b6637cb66,8dd06d3c-b47e-49b7-82b5-e85fbb863733
905d2aaa-b0f3-44fe-9036-23fb6fd30d4c,Image of The Death of the Virgin Area 7b,Primary Name,Image of The Death of the Virgin Area 7b,8f40c740-3c02-4839-b1a4-f1460823a9fe,bc35776b-996f-4fc1-bd25-9f6432c1f349,71fe786f-4ff5-4def-be78-cfe541ce9ce8,8dd06d3c-b47e-49b7-82b5-e85fbb863733
abffbffa-cd4b-4b7e-85c5-b041b76197d4,Image of The Death of the Virgin Area 8,Primary Name,Image of The Death of the Virgin Area 8,8f40c740-3c02-4839-b1a4-f1460823a9fe,bc35776b-996f-4fc1-bd25-9f6432c1f349,8f1f86d0-1eaf-4b5e-91c5-bd4fee480b74,8dd06d3c-b47e-49b7-82b5-e85fbb863733
ec3639f0-e08b-4f33-929e-50d423f6d090,Image of The Death of the Virgin Area 9,Primary Name,Image of The Death of the Virgin Area 9,8f40c740-3c02-4839-b1a4-f1460823a9fe,bc35776b-996f-4fc1-bd25-9f6432c1f349,d8da74ce-7970-4044-a48c-64ca37060bee,8dd06d3c-b47e-49b7-82b5-e85fbb863733
529b83ab-d532-4d27-9b97-15b1e8683b31,Image of The Death of the Virgin Area 9b,Primary Name,Image of The Death of the Virgin Area 9b,8f40c740-3c02-4839-b1a4-f1460823a9fe,bc35776b-996f-4fc1-bd25-9f6432c1f349,2643f0b5-c1fd-4d6a-bfba-a4269b328e55,8dd06d3c-b47e-49b7-82b5-e85fbb863733
5a6d096b-ea5f-4fd2-990a-f46e9ef93981,Image of The Death of the Virgin Area 10,Primary Name,Image of The Death of the Virgin Area 10,8f40c740-3c02-4839-b1a4-f1460823a9fe,bc35776b-996f-4fc1-bd25-9f6432c1f349,2ad30b9a-4586-4220-b453-371f2ed82f7b,8dd06d3c-b47e-49b7-82b5-e85fbb863733
db9f7e05-8829-4d91-89ec-0e1cd5b5dc82,Image of The Death of the Virgin Area 11,Primary Name,Image of The Death of the Virgin Area 11,8f40c740-3c02-4839-b1a4-f1460823a9fe,bc35776b-996f-4fc1-bd25-9f6432c1f349,c9a6b950-aaf2-41b6-9b1b-259d6fe2f06d,8dd06d3c-b47e-49b7-82b5-e85fbb863733
906a5439-c261-4e4c-ad73-5afab522ea7e,Image of The Death of the Virgin Area 12,Primary Name,Image of The Death of the Virgin Area 12,8f40c740-3c02-4839-b1a4-f1460823a9fe,bc35776b-996f-4fc1-bd25-9f6432c1f349,9be534d7-cfd3-4637-899c-35fb265d58b3,8dd06d3c-b47e-49b7-82b5-e85fbb863733
d321024b-d88a-46aa-8846-23d670f40754,Image of The Death of the Virgin Area 13,Primary Name,Image of The Death of the Virgin Area 13,8f40c740-3c02-4839-b1a4-f1460823a9fe,bc35776b-996f-4fc1-bd25-9f6432c1f349,d5340ea2-c325-4f5c-baa5-e082d7cf4f64,8dd06d3c-b47e-49b7-82b5-e85fbb863733